time_period,North East,North West,Yorkshire and The Humber,East Midlands,West Midlands,London,South East,South West,Wales,Scotland
Jan 2011,117111,129892,128975,136418,146490,287983,216680,188992,127771,129746
Feb 2011,116809,128951,130825,137220,144486,285227,217190,187669,127961,125916
Mar 2011,115711,127767,127764,136388,143209,287092,215778,187586,125133,126172
Apr 2011,119438,129500,131790,137100,145562,293993,218178,188251,129222,129848
May 2011,119979,128753,131713,137464,145692,284722,218577,187412,128085,129832
Jun 2011,119671,128484,130288,137793,145807,285906,219162,189494,128270,131209
Jul 2011,117616,130275,131165,140060,146184,295843,222005,191264,128564,133429
Aug 2011,116961,131341,132380,140623,146183,294903,220344,191964,129395,132518
Sep 2011,117236,130472,131546,138920,147655,295358,221239,189499,131017,131949
Oct 2011,116238,129674,129243,137499,144812,292267,218309,189765,127698,129122
Nov 2011,117028,127346,129847,137839,145825,291036,219732,188933,130415,128206
Dec 2011,115328,128039,129614,138723,143628,292284,219371,187426,127397,125924
Jan 2012,113011,125780,126763,136369,145071,294360,217660,189942,127097,125728
Feb 2012,113852,127311,127906,136102,143615,292381,218487,189653,126324,121886
Mar 2012,116622,127820,128570,137025,144779,290379,219094,188079,126231,125412
Apr 2012,116031,128284,128045,138440,144490,299065,223223,190924,128163,125134
May 2012,115601,127459,129642,138251,144126,304081,223509,190367,128349,126455
Jun 2012,117444,129810,130979,139459,147713,306823,224379,191813,129986,128361
Jul 2012,117137,129030,131167,140983,147399,308962,226770,193530,129342,127491
Aug 2012,119749,130137,131781,139793,147401,310043,227861,192032,128860,126734
Sep 2012,118194,129970,130579,139262,147227,308469,228457,191674,127952,125823
Oct 2012,116854,126997,129217,139395,145709,310281,224927,191820,126881,124617
Nov 2012,116777,128922,130287,139511,146988,308540,224563,191426,128452,123166
Dec 2012,114860,127862,129701,138977,147386,313744,225865,187901,127143,122180
Jan 2013,113585,124578,125516,137537,145005,311364,225210,189820,127584,122594
Feb 2013,112008,127100,128099,137599,145470,313550,223861,189236,125702,120180
Mar 2013,115161,126970,127679,138562,145983,312289,225295,190494,126975,121357
Apr 2013,115330,127515,127980,139314,146320,320921,227862,193336,126671,123409
May 2013,115849,128085,130027,141012,147312,322324,228343,192848,128640,125358
Jun 2013,115645,129600,130724,141367,149457,324518,230987,193267,129380,127118
Jul 2013,118564,129713,131471,142534,150343,332988,233752,195066,128501,128421
Aug 2013,120219,131532,131934,144030,151665,335743,234507,196500,130842,129781
Sep 2013,119140,131408,133207,143553,149816,340494,235143,198055,130085,127777
Oct 2013,112868,129085,130967,144444,151179,340045,235311,197254,128089,127413
Nov 2013,116456,130047,131770,143522,151495,343749,237224,197476,130029,128629
Dec 2013,116274,131350,133265,145942,152008,352028,238975,198613,128581,127018
Jan 2014,114531,129790,131526,145261,152152,355830,240961,198252,131603,127007
Feb 2014,114784,131370,133566,146741,151239,357876,241314,198985,132349,125034
Mar 2014,116317,130061,131800,146448,153209,361400,243371,200618,130464,126650
Apr 2014,118315,133616,135527,149319,155245,375337,247105,204087,132656,129596
May 2014,118613,134136,136372,150008,155724,382705,251395,204098,135527,131677
Jun 2014,121217,135870,136406,151454,157736,387182,253441,204781,135019,133444
Jul 2014,121279,136629,138056,152658,158073,398737,257701,209034,135571,135161
Aug 2014,121329,138230,139749,155033,160571,404754,261254,211731,136710,135575
Sep 2014,120251,138050,137813,155263,160011,403670,263171,213432,138218,134807
Oct 2014,118619,137383,138639,154170,159925,402300,263518,212152,136630,135016
Nov 2014,118778,136864,138291,154009,159782,400803,262969,210799,136898,133334
Dec 2014,118798,136688,139199,153904,160267,402898,264217,211576,136904,132669
Jan 2015,117156,136041,136169,153669,158683,402847,264848,212878,136148,134956
Feb 2015,118525,137141,136993,154210,160388,404773,264568,210050,135611,132572
Mar 2015,117578,135261,137740,154728,159293,404706,265090,212109,135231,139792
Apr 2015,121598,137256,138435,155680,161813,410445,268550,214541,137039,134030
May 2015,120610,139668,141654,157709,162631,415817,271147,215498,137553,135678
Jun 2015,122584,139138,141872,158960,164404,419474,275224,217582,138478,136923
Jul 2015,122669,141510,144733,161180,166016,431644,279875,220044,139213,139051
Aug 2015,123621,142463,145313,163208,167862,436152,283369,223210,140651,138564
Sep 2015,123304,142769,144635,162174,167590,439729,284374,224435,140248,138246
Oct 2015,121513,142082,144325,163771,167550,440484,286451,224226,140912,137660
Nov 2015,123032,142829,145036,164460,168871,445485,288507,226490,140974,138475
Dec 2015,123597,142866,145531,165081,169286,450053,291297,226855,141520,136702
Jan 2016,121096,143139,144594,164946,169747,457466,293678,226547,140015,136790
Feb 2016,121085,143009,145064,164383,168691,457759,295613,227523,142712,134625
Mar 2016,122837,141447,143824,165175,169300,464647,300201,233607,141617,136243
Apr 2016,122481,146681,148145,167913,172955,461068,297712,227636,141925,136446
May 2016,124696,147753,148712,168771,174741,467485,301202,231318,144296,138256
Jun 2016,126898,148176,150349,170091,176729,468120,305125,233700,146447,140234
Jul 2016,127710,150341,151334,171782,176943,475530,309069,235665,146353,142294
Aug 2016,126116,150174,151486,172649,178960,471957,309981,236832,145384,140881
Sep 2016,124781,150038,150519,173272,178837,471767,307429,237148,144976,140533
Oct 2016,124213,148332,150358,172479,177065,471008,307992,235617,146658,139631
Nov 2016,124910,149723,151219,173872,179248,470854,307867,237150,146278,140852
Dec 2016,126333,149560,152583,174665,179668,472374,309185,236288,146442,138206
Jan 2017,122055,149371,148916,172959,178494,475619,312895,238829,146395,138356
Feb 2017,124088,150960,150721,175110,179530,476717,310033,239143,145837,136011
Mar 2017,121858,149615,149660,174956,179542,475442,310447,238248,147794,136891
Apr 2017,124897,152217,153248,177942,181411,479790,313583,240489,149900,141091
May 2017,127074,153126,154547,178966,183199,480902,315314,242531,147428,142070
Jun 2017,128096,155061,155802,180204,185214,480152,318364,245039,150394,143634
Jul 2017,127983,156761,156514,183172,187219,488527,321088,248904,151028,147566
Aug 2017,129738,158252,158077,182763,189271,487085,323089,250432,152859,147234
Sep 2017,127527,157751,157934,183816,188232,483833,322596,249369,153227,144530
Oct 2017,128590,157301,156897,184044,188849,481762,322066,250981,155033,145058
Nov 2017,127126,157804,157088,183974,188640,476290,320212,249345,153109,146350
Dec 2017,130118,158863,158435,184942,190466,476848,320733,249309,153791,145235
Jan 2018,124169,155596,155888,184574,187845,479772,320978,252533,153128,146889
Feb 2018,126444,157519,155694,187235,190682,477860,321375,250793,153210,145982
Mar 2018,124038,155625,156466,184845,190077,472357,319876,250615,154022,144655
Apr 2018,128330,157768,157431,187276,191375,477253,321353,250254,153574,148427
May 2018,128840,158823,159541,188826,191299,478485,321825,251132,154756,148621
Jun 2018,128049,160314,160484,189259,193886,479931,324665,252603,156864,149960
Jul 2018,131245,162345,162020,191231,196297,484724,327091,256893,158626,151777
Aug 2018,130376,163092,164088,192610,196757,479550,328061,258465,161024,152138
Sep 2018,130223,163068,162180,194049,198120,476545,327054,258839,160265,151446
Oct 2018,130759,163838,161750,191666,197972,480057,324475,256898,160955,151528
Nov 2018,128894,163186,161471,192979,196446,474347,323266,256928,160158,149556
Dec 2018,128696,162769,162130,191694,198469,473252,321118,256577,162234,148269
Jan 2019,125448,161409,160341,191237,195498,470067,322226,254632,158548,149769
Feb 2019,124533,162066,159284,190990,197368,466068,320095,255243,159018,146892
Mar 2019,124666,160670,160771,190586,195058,464162,317129,253051,159904,149625
Apr 2019,128863,162254,161839,191571,195476,469537,318912,252921,161456,150794
May 2019,128851,163986,162208,191927,197002,463628,318250,252527,161628,151417
Jun 2019,129511,163809,163658,192029,196679,470519,320835,252692,162908,152680
Jul 2019,129844,166118,164990,193480,197675,478505,322549,258177,164440,154776
Aug 2019,131440,167693,165547,195345,200304,472729,322720,258322,168215,154195
Sep 2019,131917,167011,165445,194867,200466,477146,323762,258780,164414,154874
Oct 2019,129316,166780,166226,194705,199973,472668,322285,258647,166281,153953
Nov 2019,129493,166081,164876,194873,200095,468757,322200,256540,168516,152528
Dec 2019,129310,165148,165654,194489,198301,479153,321278,256349,166433,150287
Jan 2020,127346,164563,164553,195100,201060,475948,321704,257494,163205,153518
Feb 2020,126993,164760,164353,193480,198974,474480,318182,256208,165953,149582
Mar 2020,128306,166588,165360,195701,199637,482605,323167,259458,167040,150625
Apr 2020,123222,163904,160140,195185,195075,476159,325154,256514,160039,151779
May 2020,127999,164258,164970,194596,200156,473225,320817,256208,162701,152914
Jun 2020,129666,168769,167941,198494,201330,479969,322024,259382,167384,155329
Jul 2020,130778,171303,168740,200434,203527,483830,325748,263582,168416,154582
Aug 2020,131543,173316,171000,200918,205908,489424,329417,265158,172999,154707
Sep 2020,134794,174352,171828,201616,207291,493205,331926,269727,170030,160585
Oct 2020,134715,177827,174360,204424,208805,486212,332489,271744,175948,163019
Nov 2020,137358,178595,178145,207054,210348,494552,336738,273200,178255,164032
Dec 2020,138980,181696,179316,209567,213578,494193,337686,276477,181274,162375
Jan 2021 [r],140177,183245,181026,209914,213480,494231,335038,273131,179375,164049
Feb 2021 [r],141418,186048,182031,212387,216231,490544,335091,274258,177892,161707
Mar 2021 [r],143931,189119,183530,213503,218254,499098,339759,278371,183409,167267
Apr 2021 [r],141591,185460,179935,210401,214990,488928,336624,275150,181293,160779
May 2021 [r],141412,185897,181902,211382,216618,488226,337736,272420,183783,168277
Jun 2021 [r],153360,201302,195612,223684,230574,502730,352113,292126,194692,171734
Jul 2021 [r],142048,184663,179561,210621,217263,494873,337226,268088,186015,175410
Aug 2021 [r],144808,191778,185811,217402,222712,509859,348169,282236,190400,177353
Sep 2021 [r],155276,201233,195330,225815,229291,506165,358906,294186,195977,177520
Oct 2021 [r],144593,190370,184588,220981,221575,504044,351489,286058,197445,177651
Nov 2021 [r],146288,196340,190254,224431,227331,511555,357688,294363,196990,179644
Dec 2021 [r],148218,199414,191960,226723,230710,511732,359997,295536,200391,175841
Jan 2022 [r],148620,200830,193682,228458,230951,514926,366150,302166,202653,180855
Feb 2022 [r],148715,200956,195323,229645,233199,515111,365464,302145,200513,177299
Mar 2022 [r],151534,202087,194612,231513,235807,513434,367372,302616,202201,178143
Apr 2022 [r],152585,205257,196634,233325,236450,518640,368273,307775,206900,181908
May 2022 [r],153615,207095,200993,235944,240083,517726,374110,312894,207577,184552
Jun 2022 [r],156039,208819,203076,240343,240734,534106,378401,310598,211808,188113
Jul 2022 [r],159822,214543,206603,242557,248502,537285,384683,321204,215053,190136
Aug 2022 [r],160374,215891,207964,246609,249000,542387,388832,326269,215643,190479
Sep 2022 [r],161457,218279,209423,246555,251063,541284,389829,326759,219766,188650
Oct 2022 [r],162249,217427,210217,247087,252712,533427,389678,326440,220505,189002
Nov 2022 [r],161342,218115,210614,248048,251138,536012,388367,326986,218435,187437
Dec 2022 [r],159920,216336,210111,248453,250872,532100,387855,320651,219372,181983
Jan 2023 [r],160326,212663,205320,244579,247850,536314,384193,317432,214871,181186
Feb 2023 [r],155816,210877,204413,242917,249566,527776,381057,318027,213351,177921
Mar 2023 [r],153396,208497,200023,240420,240338,517436,378235,315318,211192,179896
Apr 2023 [r],156182,208425,202848,240772,241618,522359,377596,313694,207500,182140
May 2023 [r],154940,209870,201169,239677,244238,517390,375709,313836,210974,186965
Jun 2023 [r],157767,211677,205737,243904,245524,518051,377380,313619,211877,185052
Jul 2023 [r],158573,213446,207921,244078,247954,521888,379475,315887,214237,187527
Aug 2023 [r],164060,214750,211133,246892,250587,525232,382164,320776,215391,191241
Sep 2023 [r],160303,215025,206939,245251,250153,525744,380272,317374,215634,188385
Oct 2023 [r],160892,215181,209657,243733,248130,515832,378293,318726,215213,188382
Nov 2023 [r],161272,214509,208297,244876,247148,512727,378377,315442,213876,189047
Dec 2023 [r],159607,216751,206810,243738,247862,513263,373392,312781,213938,186138
Jan 2024 [r],155487,214297,202967,238642,245334,506241,369021,315297,209844,188870
Feb 2024 [p],160406,213890,204754,241950,242429,502690,373018,316834,210717,187807
